algae,sampledate
1.73,2020/4/1
1.72,2020/4/1
1.69,2020/4/1
2.03,2020/4/1
3,2020/4/1
2.26,2020/4/1
3.06,2020/4/1
3.75,2020/4/1
3.77,2020/4/1
3.81,2020/4/1
3.99,2020/4/1
3.75,2020/4/1
4.09,2020/4/2
3.9,2020/4/2
3.89,2020/4/2
4.46,2020/4/2
4.09,2020/4/2
5.02,2020/4/2
4.69,2020/4/2
3.67,2020/4/2
2.94,2020/4/2
2.33,2020/4/2
2.52,2020/4/2
2.45,2020/4/2
2.22,2020/4/2
2.22,2020/4/2
2.26,2020/4/2
2.51,2020/4/2
2.37,2020/4/2
2.57,2020/4/2
3.3,2020/4/2
3.49,2020/4/2
4.18,2020/4/2
3.51,2020/4/2
3.53,2020/4/2
3.74,2020/4/2
3.68,2020/4/3
3.78,2020/4/3
5.33,2020/4/3
3.74,2020/4/3
4.08,2020/4/3
3.79,2020/4/3
4.25,2020/4/3
3.38,2020/4/3
3.14,2020/4/3
2.74,2020/4/3
3.04,2020/4/3
2.25,2020/4/3
2.12,2020/4/3
1.63,2020/4/3
1.52,2020/4/3
1.42,2020/4/3
2.65,2020/4/3
2.56,2020/4/3
3,2020/4/3
3.39,2020/4/3
3.49,2020/4/3
3.44,2020/4/3
3.47,2020/4/3
3.6,2020/4/3
3.35,2020/4/4
3.6,2020/4/4
3.27,2020/4/4
3.22,2020/4/4
3.18,2020/4/4
2.95,2020/4/4
2.8,2020/4/4
2.51,2020/4/4
2.33,2020/4/4
1.85,2020/4/4
1.71,2020/4/4
1.56,2020/4/4
1.69,2020/4/4
1.9,2020/4/4
1.89,2020/4/4
1.93,2020/4/4
2.03,2020/4/4
2.12,2020/4/4
2.35,2020/4/4
2.9,2020/4/4
2.95,2020/4/4
2.93,2020/4/4
2.82,2020/4/4
3.09,2020/4/4
3.26,2020/4/5
3.52,2020/4/5
3.24,2020/4/5
3.19,2020/4/5
3.32,2020/4/5
3.38,2020/4/5
3.17,2020/4/5
2.6,2020/4/5
2.01,2020/4/5
2.37,2020/4/5
2.13,2020/4/5
1.38,2020/4/5
1.49,2020/4/5
1.17,2020/4/5
0.5,2020/4/5
0.6,2020/4/5
1.23,2020/4/5
1.45,2020/4/5
2.46,2020/4/5
3.25,2020/4/5
3.73,2020/4/5
3.74,2020/4/5
4.26,2020/4/5
3.92,2020/4/5
3.8,2020/4/6
3.79,2020/4/6
3.82,2020/4/6
4.43,2020/4/6
3.91,2020/4/6
4.16,2020/4/6
4.06,2020/4/6
3.24,2020/4/6
3.34,2020/4/6
2.99,2020/4/6
2.56,2020/4/6
2.22,2020/4/6
3.14,2020/4/6
3.1,2020/4/6
3.24,2020/4/6
3.22,2020/4/6
3.34,2020/4/6
3.12,2020/4/6
3.3,2020/4/6
5.17,2020/4/6
5.63,2020/4/6
4.7,2020/4/6
4.55,2020/4/6
4.57,2020/4/6
5.22,2020/4/7
4.67,2020/4/7
4.4,2020/4/7
3.98,2020/4/7
4.87,2020/4/7
5.23,2020/4/7
5.52,2020/4/7
4.18,2020/4/7
5.19,2020/4/7
3.65,2020/4/7
3.43,2020/4/7
2.81,2020/4/7
2.39,2020/4/7
2.64,2020/4/7
2.31,2020/4/7
2.04,2020/4/7
1.68,2020/4/7
1.6,2020/4/7
1.94,2020/4/7
2.14,2020/4/7
2.96,2020/4/7
3.76,2020/4/7
3.1,2020/4/7
3.12,2020/4/7
4.02,2020/4/8
4.51,2020/4/8
4.09,2020/4/8
3.68,2020/4/8
3.51,2020/4/8
3.68,2020/4/8
3.32,2020/4/8
2.61,2020/4/8
2.02,2020/4/8
1.43,2020/4/8
1.59,2020/4/8
1.8,2020/4/8
2.58,2020/4/8
2.56,2020/4/8
2.41,2020/4/8
2.47,2020/4/8
3.05,2020/4/8
4.51,2020/4/8
3.79,2020/4/8
3.8,2020/4/8
3.89,2020/4/8
3.78,2020/4/8
3.65,2020/4/8
3.48,2020/4/8
3.56,2020/4/9
3.73,2020/4/9
3.6,2020/4/9
3.4,2020/4/9
3.31,2020/4/9
3.25,2020/4/9
3.04,2020/4/9
2.69,2020/4/9
2.34,2020/4/9
2.27,2020/4/9
2.18,2020/4/9
2.03,2020/4/9
1.98,2020/4/9
1.88,2020/4/9
1.95,2020/4/9
2.03,2020/4/9
2.13,2020/4/9
1.98,2020/4/9
2.41,2020/4/9
2.82,2020/4/9
3.2,2020/4/9
3.23,2020/4/9
3.15,2020/4/9
3.04,2020/4/9
3.02,2020/4/10
3,2020/4/10
3.08,2020/4/10
3.38,2020/4/10
3.48,2020/4/10
3.56,2020/4/10
3.3,2020/4/10
2.95,2020/4/10
2.63,2020/4/10
2.05,2020/4/10
2.1,2020/4/10
2.28,2020/4/10
2.18,2020/4/10
2.07,2020/4/10
2.34,2020/4/10
2.74,2020/4/10
2.7,2020/4/10
3,2020/4/10
2.96,2020/4/10
3.33,2020/4/10
4.25,2020/4/10
5.29,2020/4/10
5.24,2020/4/10
5.72,2020/4/10
5.4,2020/4/11
4.95,2020/4/11
4.64,2020/4/11
4.32,2020/4/11
4.46,2020/4/11
4.68,2020/4/11
3.99,2020/4/11
3.45,2020/4/11
3.33,2020/4/11
2.67,2020/4/11
2.48,2020/4/11
2.49,2020/4/11
2.44,2020/4/11
2.9,2020/4/11
3.21,2020/4/11
3.15,2020/4/11
3.03,2020/4/11
3.08,2020/4/11
3.14,2020/4/11
3.45,2020/4/11
4.54,2020/4/11
5.45,2020/4/11
5.35,2020/4/11
5.29,2020/4/11
5.17,2020/4/12
5.22,2020/4/12
4.86,2020/4/12
4.7,2020/4/12
4.77,2020/4/12
4.69,2020/4/12
4.35,2020/4/12
3.18,2020/4/12
2.84,2020/4/12
2.89,2020/4/12
2.99,2020/4/12
3.13,2020/4/12
3.21,2020/4/12
3.37,2020/4/12
3.3,2020/4/12
3.17,2020/4/12
3.09,2020/4/12
3.2,2020/4/12
3.05,2020/4/12
2.98,2020/4/12
2.85,2020/4/12
2.68,2020/4/12
2.52,2020/4/12
2.48,2020/4/12
2.6,2020/4/13
2.63,2020/4/13
2.59,2020/4/13
2.51,2020/4/13
2.34,2020/4/13
2.25,2020/4/13
2.26,2020/4/13
2.32,2020/4/13
2.41,2020/4/13
1.97,2020/4/13
1.79,2020/4/13
1.71,2020/4/13
1.62,2020/4/13
1.44,2020/4/13
1.4,2020/4/13
1.2,2020/4/13
1.18,2020/4/13
1.34,2020/4/13
1.59,2020/4/13
2.02,2020/4/13
2.12,2020/4/13
2.1,2020/4/13
2.14,2020/4/13
2.2,2020/4/13
2.17,2020/4/14
2.31,2020/4/14
2.38,2020/4/14
2.25,2020/4/14
2.24,2020/4/14
2.27,2020/4/14
2.12,2020/4/14
1.89,2020/4/14
1.77,2020/4/14
1.62,2020/4/14
1.72,2020/4/14
1.54,2020/4/14
1.52,2020/4/14
1.51,2020/4/14
1.78,2020/4/14
1.79,2020/4/14
1.83,2020/4/14
1.88,2020/4/14
1.95,2020/4/14
2,2020/4/14
2.19,2020/4/14
2.2,2020/4/14
2.23,2020/4/14
2.24,2020/4/14
2.27,2020/4/15
2.28,2020/4/15
2.29,2020/4/15
2.28,2020/4/15
2.26,2020/4/15
2.27,2020/4/15
2.07,2020/4/15
1.91,2020/4/15
1.67,2020/4/15
1.71,2020/4/15
1.69,2020/4/15
1.61,2020/4/15
1.6,2020/4/15
1.6,2020/4/15
1.67,2020/4/15
1.72,2020/4/15
1.71,2020/4/15
1.87,2020/4/15
1.93,2020/4/15
2,2020/4/15
2.2,2020/4/15
2.23,2020/4/15
2.22,2020/4/15
2.24,2020/4/15
2.25,2020/4/16
2.22,2020/4/16
2.24,2020/4/16
2.2,2020/4/16
2.18,2020/4/16
2.15,2020/4/16
2.02,2020/4/16
1.8,2020/4/16
1.53,2020/4/16
1.49,2020/4/16
1.38,2020/4/16
1.36,2020/4/16
1.35,2020/4/16
1.29,2020/4/16
1.37,2020/4/16
1.48,2020/4/16
1.76,2020/4/16
1.91,2020/4/16
1.84,2020/4/16
2.02,2020/4/16
2.21,2020/4/16
2.32,2020/4/16
2.51,2020/4/16
2.91,2020/4/16
2.81,2020/4/17
2.9,2020/4/17
3,2020/4/17
3.01,2020/4/17
3.1,2020/4/17
3.12,2020/4/17
2.58,2020/4/17
1.9,2020/4/17
1.91,2020/4/17
1.77,2020/4/17
1.21,2020/4/17
0.73,2020/4/17
0.53,2020/4/17
0.42,2020/4/17
1.06,2020/4/17
1.33,2020/4/17
1.69,2020/4/17
1.7,2020/4/17
2,2020/4/17
2.11,2020/4/17
2.3,2020/4/17
2.34,2020/4/17
2.48,2020/4/17
2.76,2020/4/17
2.45,2020/4/18
2.32,2020/4/18
2.18,2020/4/18
2.14,2020/4/18
2.18,2020/4/18
2.16,2020/4/18
1.97,2020/4/18
1.7,2020/4/18
1.32,2020/4/18
1.24,2020/4/18
1.09,2020/4/18
1.04,2020/4/18
1,2020/4/18
1.08,2020/4/18
1.03,2020/4/18
1.21,2020/4/18
1.39,2020/4/18
1.85,2020/4/18
2.08,2020/4/18
2.21,2020/4/18
2.63,2020/4/18
2.56,2020/4/18
2.42,2020/4/18
2.34,2020/4/18
2.24,2020/4/19
2.18,2020/4/19
2.22,2020/4/19
2.31,2020/4/19
2.35,2020/4/19
2.18,2020/4/19
2.07,2020/4/19
1.77,2020/4/19
1.33,2020/4/19
1.16,2020/4/19
1.09,2020/4/19
1.19,2020/4/19
1.15,2020/4/19
1.19,2020/4/19
1.22,2020/4/19
1.34,2020/4/19
1.51,2020/4/19
1.82,2020/4/19
2.22,2020/4/19
2.57,2020/4/19
3.28,2020/4/19
3.41,2020/4/19
3.15,2020/4/19
2.67,2020/4/19
2.55,2020/4/20
2.6,2020/4/20
2.59,2020/4/20
2.72,2020/4/20
2.82,2020/4/20
3.13,2020/4/20
2.62,2020/4/20
2.21,2020/4/20
1.89,2020/4/20
1.67,2020/4/20
1.54,2020/4/20
1.43,2020/4/20
1.35,2020/4/20
1.41,2020/4/20
1.44,2020/4/20
1.86,2020/4/20
2.31,2020/4/20
2.34,2020/4/20
2.35,2020/4/20
2.33,2020/4/20
2.52,2020/4/20
2.45,2020/4/20
2.49,2020/4/20
2.48,2020/4/20
2.48,2020/4/21
2.47,2020/4/21
2.46,2020/4/21
2.48,2020/4/21
2.47,2020/4/21
2.35,2020/4/21
2.14,2020/4/21
1.86,2020/4/21
1.46,2020/4/21
1.29,2020/4/21
1.32,2020/4/21
1.33,2020/4/21
1.46,2020/4/21
1.46,2020/4/21
1.5,2020/4/21
1.63,2020/4/21
1.67,2020/4/21
1.72,2020/4/21
2.03,2020/4/21
2.28,2020/4/21
2.29,2020/4/21
2.4,2020/4/21
2.64,2020/4/21
2.62,2020/4/21
2.57,2020/4/22
2.56,2020/4/22
2.58,2020/4/22
2.59,2020/4/22
2.63,2020/4/22
2.61,2020/4/22
2.63,2020/4/22
2.59,2020/4/22
2.45,2020/4/22
2.43,2020/4/22
1.42,2020/4/22
0.95,2020/4/22
0.99,2020/4/22
1.03,2020/4/22
1.32,2020/4/22
1.3,2020/4/22
1.69,2020/4/22
2.48,2020/4/22
2.54,2020/4/22
2.6,2020/4/22
2.69,2020/4/22
2.67,2020/4/22
2.65,2020/4/22
2.64,2020/4/22
2.64,2020/4/23
2.67,2020/4/23
2.67,2020/4/23
2.74,2020/4/23
2.75,2020/4/23
2.72,2020/4/23
2.62,2020/4/23
2.48,2020/4/23
2.49,2020/4/23
2.3,2020/4/23
2.06,2020/4/23
1.65,2020/4/23
1.35,2020/4/23
1.08,2020/4/23
0.91,2020/4/23
1.71,2020/4/23
2.55,2020/4/23
2.64,2020/4/23
2.71,2020/4/23
2.74,2020/4/23
2.83,2020/4/23
2.82,2020/4/23
2.83,2020/4/23
2.93,2020/4/23
3.02,2020/4/24
2.97,2020/4/24
2.93,2020/4/24
2.81,2020/4/24
2.77,2020/4/24
2.9,2020/4/24
2.89,2020/4/24
2.65,2020/4/24
2.62,2020/4/24
2.36,2020/4/24
2.46,2020/4/24
1.19,2020/4/24
0.89,2020/4/24
1.11,2020/4/24
1.41,2020/4/24
2.17,2020/4/24
2.72,2020/4/24
3.18,2020/4/24
3.24,2020/4/24
3.18,2020/4/24
3.12,2020/4/24
3.18,2020/4/25
3.33,2020/4/25
3.45,2020/4/25
3.48,2020/4/25
3.37,2020/4/25
3.2,2020/4/25
2.93,2020/4/25
2.69,2020/4/25
2.22,2020/4/25
1.75,2020/4/25
1.2,2020/4/25
1.24,2020/4/25
1.2,2020/4/25
1.19,2020/4/25
1.18,2020/4/25
1.35,2020/4/25
1.5,2020/4/25
1.88,2020/4/25
2.19,2020/4/25
2.4,2020/4/25
2.62,2020/4/25
2.63,2020/4/25
2.63,2020/4/25
2.72,2020/4/25
2.62,2020/4/26
2.46,2020/4/26
2.46,2020/4/26
2.44,2020/4/26
2.47,2020/4/26
2.42,2020/4/26
2.18,2020/4/26
1.72,2020/4/26
0.99,2020/4/26
0.64,2020/4/26
0.7,2020/4/26
0.69,2020/4/26
0.64,2020/4/26
0.52,2020/4/26
0.42,2020/4/26
0.49,2020/4/26
0.45,2020/4/26
0.72,2020/4/26
1.07,2020/4/26
1.74,2020/4/26
2.11,2020/4/26
2.23,2020/4/26
2.3,2020/4/26
2.29,2020/4/26
2.24,2020/4/27
2.36,2020/4/27
2.55,2020/4/27
3.01,2020/4/27
2.77,2020/4/27
2.9,2020/4/27
2.65,2020/4/27
2.12,2020/4/27
1.71,2020/4/27
1.59,2020/4/27
1.91,2020/4/27
1.98,2020/4/27
2.03,2020/4/27
2.21,2020/4/27
2.14,2020/4/27
1.92,2020/4/27
1.6,2020/4/27
1.57,2020/4/27
1.45,2020/4/27
2.08,2020/4/27
2.78,2020/4/27
2.95,2020/4/27
2.91,2020/4/27
2.97,2020/4/27
2.92,2020/4/28
2.93,2020/4/28
3,2020/4/28
2.78,2020/4/28
2.62,2020/4/28
2.8,2020/4/28
2.29,2020/4/28
1.63,2020/4/28
1.01,2020/4/28
0.84,2020/4/28
1.07,2020/4/28
1.34,2020/4/28
1.16,2020/4/28
1.4,2020/4/28
2.1,2020/4/28
1.57,2020/4/28
1.39,2020/4/28
1.67,2020/4/28
1.88,2020/4/28
2.1,2020/4/28
2.28,2020/4/28
2.13,2020/4/28
2.14,2020/4/28
2.24,2020/4/28
2.15,2020/4/29
2.14,2020/4/29
2.14,2020/4/29
2.11,2020/4/29
2.09,2020/4/29
2.12,2020/4/29
2.09,2020/4/29
1.94,2020/4/29
1.87,2020/4/29
1.83,2020/4/29
1.79,2020/4/29
1.69,2020/4/29
1.61,2020/4/29
1.68,2020/4/29
1.77,2020/4/29
1.76,2020/4/29
1.77,2020/4/29
1.79,2020/4/29
1.81,2020/4/29
1.75,2020/4/29
1.75,2020/4/29
1.82,2020/4/29
1.9,2020/4/29
2.03,2020/4/29
1.9,2020/4/30
1.78,2020/4/30
1.79,2020/4/30
1.76,2020/4/30
1.77,2020/4/30
1.81,2020/4/30
1.64,2020/4/30
1.31,2020/4/30
1.13,2020/4/30
1.08,2020/4/30
1.06,2020/4/30
1,2020/4/30
0.94,2020/4/30
0.89,2020/4/30
0.87,2020/4/30
0.94,2020/4/30
0.9,2020/4/30
1.04,2020/4/30
1.55,2020/4/30
1.99,2020/4/30
1.99,2020/4/30
2.2,2020/4/30
2.33,2020/4/30
2.42,2020/4/30
2.1,2020/5/1
2.12,2020/5/1
2.19,2020/5/1
2.27,2020/5/1
2.6,2020/5/1
2.87,2020/5/1
2.25,2020/5/1
1.97,2020/5/1
1.79,2020/5/1
1.47,2020/5/1
1.13,2020/5/1
1.81,2020/5/1
2.55,2020/5/1
2.18,2020/5/1
1.72,2020/5/1
1.9,2020/5/1
2.16,2020/5/1
2.08,2020/5/1
2.11,2020/5/1
2.19,2020/5/1
2.14,2020/5/1
2.14,2020/5/1
2.09,2020/5/2
2.09,2020/5/2
2.11,2020/5/2
2.11,2020/5/2
2.12,2020/5/2
2.11,2020/5/2
2.35,2020/5/2
2.25,2020/5/2
2.16,2020/5/2
1.92,2020/5/2
1.67,2020/5/2
1.55,2020/5/2
1.52,2020/5/2
1.57,2020/5/2
1.97,2020/5/2
1.99,2020/5/2
2.4,2020/5/2
2.44,2020/5/2
2.49,2020/5/2
2.53,2020/5/2
2.93,2020/5/2
3.27,2020/5/2
3.4,2020/5/2
2.99,2020/5/2
2.92,2020/5/3
3.04,2020/5/3
2.89,2020/5/3
2.77,2020/5/3
2.9,2020/5/3
3.26,2020/5/3
2.77,2020/5/3
2.55,2020/5/3
2.21,2020/5/3
2.27,2020/5/3
2.31,2020/5/3
2.8,2020/5/3
2.45,2020/5/3
1.8,2020/5/3
1.76,2020/5/3
1.71,2020/5/3
1.79,2020/5/3
1.93,2020/5/3
2.15,2020/5/3
2.23,2020/5/3
2.54,2020/5/3
2.62,2020/5/3
2.6,2020/5/3
2.73,2020/5/3
2.82,2020/5/4
2.86,2020/5/4
2.97,2020/5/4
3.39,2020/5/4
3.63,2020/5/4
3.45,2020/5/4
2.81,2020/5/4
2.52,2020/5/4
2.66,2020/5/4
2.26,2020/5/4
1.69,2020/5/4
1.86,2020/5/4
1.94,2020/5/4
2.02,2020/5/4
2.04,2020/5/4
2.27,2020/5/4
3.18,2020/5/4
3.57,2020/5/4
3.29,2020/5/4
3.14,2020/5/4
3.08,2020/5/4
3.03,2020/5/4
2.83,2020/5/4
2.72,2020/5/4
2.68,2020/5/5
2.67,2020/5/5
2.65,2020/5/5
2.6,2020/5/5
2.54,2020/5/5
2.51,2020/5/5
2.43,2020/5/5
2.3,2020/5/5
2.31,2020/5/5
1.71,2020/5/5
1.58,2020/5/5
1.21,2020/5/5
1.74,2020/5/5
2.41,2020/5/5
2.83,2020/5/5
3.4,2020/5/5
3.71,2020/5/5
3.25,2020/5/5
2.94,2020/5/5
2.97,2020/5/5
3.55,2020/5/5
3.77,2020/5/5
3.48,2020/5/5
3.35,2020/5/5
3.23,2020/5/6
3.01,2020/5/6
2.82,2020/5/6
3.05,2020/5/6
3.11,2020/5/6
2.9,2020/5/6
2.33,2020/5/6
1.88,2020/5/6
1.44,2020/5/6
0.91,2020/5/6
0.45,2020/5/6
0.59,2020/5/6
1.5,2020/5/6
2.1,2020/5/6
3.12,2020/5/6
3.33,2020/5/6
3.54,2020/5/6
3.88,2020/5/6
4.47,2020/5/6
4.45,2020/5/6
4.39,2020/5/6
4.16,2020/5/6
4.01,2020/5/7
3.93,2020/5/7
3.89,2020/5/7
3.88,2020/5/7
3.73,2020/5/7
3.64,2020/5/7
2.99,2020/5/7
2.74,2020/5/7
2.42,2020/5/7
2.33,2020/5/7
2.1,2020/5/7
2.16,2020/5/7
2.2,2020/5/7
1.93,2020/5/7
1.69,2020/5/7
1.71,2020/5/7
1.87,2020/5/7
2.03,2020/5/7
2.24,2020/5/7
2.24,2020/5/7
2.48,2020/5/7
3.24,2020/5/7
3.21,2020/5/7
3.29,2020/5/7
2.94,2020/5/8
2.87,2020/5/8
2.88,2020/5/8
3.02,2020/5/8
3.13,2020/5/8
3.14,2020/5/8
2.56,2020/5/8
1.92,2020/5/8
1.82,2020/5/8
1.71,2020/5/8
1.59,2020/5/8
1.56,2020/5/8
1.52,2020/5/8
1.7,2020/5/8
1.54,2020/5/8
1.34,2020/5/8
1.51,2020/5/8
1.97,2020/5/8
2.21,2020/5/8
2.27,2020/5/8
2.42,2020/5/8
2.53,2020/5/8
2.64,2020/5/8
3.02,2020/5/8
3.51,2020/5/9
4.32,2020/5/9
4.33,2020/5/9
3.96,2020/5/9
3.59,2020/5/9
3.31,2020/5/9
2.77,2020/5/9
2.52,2020/5/9
2.32,2020/5/9
2.2,2020/5/9
2.1,2020/5/9
1.99,2020/5/9
1.91,2020/5/9
1.92,2020/5/9
1.93,2020/5/9
1.91,2020/5/9
1.99,2020/5/9
2.02,2020/5/9
2.17,2020/5/9
2.33,2020/5/9
2.7,2020/5/9
3.19,2020/5/9
3.35,2020/5/9
3.13,2020/5/9
2.75,2020/5/10
2.72,2020/5/10
2.63,2020/5/10
2.58,2020/5/10
2.56,2020/5/10
2.54,2020/5/10
2.39,2020/5/10
2.24,2020/5/10
2.19,2020/5/10
2.21,2020/5/10
2.15,2020/5/10
2.07,2020/5/10
1.96,2020/5/10
1.86,2020/5/10
1.83,2020/5/10
1.67,2020/5/10
1.8,2020/5/10
1.82,2020/5/10
1.9,2020/5/10
1.93,2020/5/10
2.03,2020/5/10
2.05,2020/5/10
2.02,2020/5/10
2.03,2020/5/10
2.14,2020/5/11
2.15,2020/5/11
2.13,2020/5/11
2.22,2020/5/11
2.24,2020/5/11
2.07,2020/5/11
1.73,2020/5/11
1.66,2020/5/11
1.4,2020/5/11
1.4,2020/5/11
1.47,2020/5/11
1.53,2020/5/11
1.27,2020/5/11
1.26,2020/5/11
1.34,2020/5/11
1.52,2020/5/11
1.67,2020/5/11
1.72,2020/5/11
1.73,2020/5/11
1.72,2020/5/11
1.82,2020/5/11
1.83,2020/5/11
1.77,2020/5/11
1.75,2020/5/11
1.68,2020/5/12
1.73,2020/5/12
1.94,2020/5/12
1.94,2020/5/12
1.86,2020/5/12
1.76,2020/5/12
1.53,2020/5/12
1.31,2020/5/12
1.01,2020/5/12
0.6,2020/5/12
0.39,2020/5/12
0.64,2020/5/12
0.44,2020/5/12
0.34,2020/5/12
0.28,2020/5/12
0.25,2020/5/12
0.29,2020/5/12
0.35,2020/5/12
0.8,2020/5/12
0.85,2020/5/12
0.87,2020/5/12
1.27,2020/5/12
1.47,2020/5/12
1.42,2020/5/12
1.62,2020/5/13
1.68,2020/5/13
2.01,2020/5/13
2.12,2020/5/13
2.21,2020/5/13
2.42,2020/5/13
1.94,2020/5/13
1.6,2020/5/13
1.29,2020/5/13
0.89,2020/5/13
0.69,2020/5/13
0.64,2020/5/13
0.64,2020/5/13
0.69,2020/5/13
0.59,2020/5/13
0.57,2020/5/13
0.72,2020/5/13
0.73,2020/5/13
0.72,2020/5/13
0.7,2020/5/13
0.72,2020/5/13
0.69,2020/5/13
0.74,2020/5/13
0.74,2020/5/13
0.7,2020/5/14
0.79,2020/5/14
0.81,2020/5/14
0.7,2020/5/14
0.75,2020/5/14
0.78,2020/5/14
0.74,2020/5/14
0.7,2020/5/14
0.7,2020/5/14
0.72,2020/5/14
0.73,2020/5/14
0.8,2020/5/14
0.74,2020/5/14
0.74,2020/5/14
0.67,2020/5/14
0.74,2020/5/14
0.83,2020/5/14
0.91,2020/5/14
0.73,2020/5/14
0.68,2020/5/14
0.64,2020/5/14
0.36,2020/5/14
0.34,2020/5/14
0.35,2020/5/14
0.26,2020/5/15
0.25,2020/5/15
0.21,2020/5/15
0.21,2020/5/15
0.19,2020/5/15
0.19,2020/5/15
0.21,2020/5/15
0.17,2020/5/15
0.15,2020/5/15
0.12,2020/5/15
0.14,2020/5/15
0.24,2020/5/15
0.44,2020/5/15
0.29,2020/5/15
0.41,2020/5/15
0.48,2020/5/15
0.46,2020/5/15
0.95,2020/5/15
1.61,2020/5/15
1.99,2020/5/15
2.29,2020/5/15
1.86,2020/5/15
0.82,2020/5/15
0.72,2020/5/15
0.4,2020/5/16
0.18,2020/5/16
0.09,2020/5/16
0.07,2020/5/16
0.09,2020/5/16
0.13,2020/5/16
0.1,2020/5/16
0.08,2020/5/16
0.06,2020/5/16
0.08,2020/5/16
0.04,2020/5/16
0.02,2020/5/16
0.02,2020/5/16
0.01,2020/5/16
0.02,2020/5/16
0.03,2020/5/16
0.04,2020/5/16
0.05,2020/5/16
0.06,2020/5/17
0.07,2020/5/17
0.07,2020/5/17
0.08,2020/5/17
0.09,2020/5/17
0.08,2020/5/17
0.08,2020/5/17
0.08,2020/5/17
0.07,2020/5/17
0.07,2020/5/17
0.08,2020/5/17
0.07,2020/5/17
0.07,2020/5/17
0.08,2020/5/17
0.08,2020/5/17
0.05,2020/5/17
0.03,2020/5/17
0.07,2020/5/17
0.05,2020/5/17
0.02,2020/5/17
0.05,2020/5/17
0.05,2020/5/17
0.05,2020/5/17
0.03,2020/5/17
0.01,2020/5/18
0.01,2020/5/20
0.05,2020/5/22
0.03,2020/5/22
0.02,2020/5/22
0.01,2020/5/22
0.01,2020/5/23
0.01,2020/5/23
0.01,2020/5/23
0.01,2020/5/23
0.01,2020/5/23
0.01,2020/5/23
0.01,2020/5/23
0.02,2020/5/24
0.01,2020/5/24
0.02,2020/5/24
0.01,2020/5/25
0.01,2020/5/25
0.01,2020/5/26
0.01,2020/5/26
0.01,2020/5/26
0.01,2020/5/26
0.01,2020/5/26
0.01,2020/5/26
0.01,2020/5/27
0.01,2020/5/27
0.01,2020/5/27
0.01,2020/5/27
0.01,2020/5/27
0.02,2020/5/27
0.01,2020/5/27
0.02,2020/5/27
0.02,2020/5/27
0.02,2020/5/27
0.01,2020/5/27
0.04,2020/5/27
0.03,2020/5/27
0.02,2020/5/27
0.03,2020/5/27
0.03,2020/5/27
0.04,2020/5/27
0.04,2020/5/27
0.04,2020/5/27
0.04,2020/5/27
0.03,2020/5/27
0.04,2020/5/27
0.03,2020/5/27
0.04,2020/5/27
0.04,2020/5/28
0.04,2020/5/28
0.04,2020/5/28
0.05,2020/5/28
0.04,2020/5/28
0.56,2020/5/28
0.04,2020/5/28
0.05,2020/5/28
0.05,2020/5/28
0.04,2020/5/28
0.05,2020/5/28
0.05,2020/5/28
0.04,2020/5/28
0.04,2020/5/28
0.05,2020/5/28
0.05,2020/5/28
0.06,2020/5/28
0.05,2020/5/28
0.05,2020/5/28
0.04,2020/5/28
0.05,2020/5/28
0.05,2020/5/28
0.07,2020/5/28
0.12,2020/5/28
0.1,2020/5/29
0.08,2020/5/29
0.08,2020/5/29
0.09,2020/5/29
0.1,2020/5/29
0.09,2020/5/29
0.09,2020/5/29
0.08,2020/5/29
0.07,2020/5/29
0.06,2020/5/29
0.05,2020/5/29
0.05,2020/5/29
0.05,2020/5/29
0.05,2020/5/29
0.05,2020/5/29
0.05,2020/5/29
0.05,2020/5/29
0.05,2020/5/29
0.05,2020/5/29
0.05,2020/5/29
0.05,2020/5/29
0.06,2020/5/29
0.06,2020/5/29
0.06,2020/5/29
0.06,2020/5/30
0.07,2020/5/30
0.06,2020/5/30
0.06,2020/5/30
0.05,2020/5/30
0.18,2020/5/30
0.05,2020/5/30
0.06,2020/5/30
0.06,2020/5/30
0.05,2020/5/30
0.06,2020/5/30
0.05,2020/5/30
0.06,2020/5/30
0.06,2020/5/30
0.06,2020/5/30
0.07,2020/5/30
0.07,2020/5/30
0.08,2020/5/30
0.08,2020/5/30
0.08,2020/5/30
0.08,2020/5/30
0.09,2020/5/30
0.09,2020/5/30
0.09,2020/5/30
0.09,2020/5/31
0.09,2020/5/31
0.09,2020/5/31
0.09,2020/5/31
0.09,2020/5/31
0.08,2020/5/31
0.09,2020/5/31
0.08,2020/5/31
0.08,2020/5/31
0.07,2020/5/31
0.07,2020/5/31
0.08,2020/5/31
0.09,2020/5/31
0.07,2020/5/31
0.08,2020/5/31
0.08,2020/5/31
0.09,2020/5/31
0.09,2020/5/31
0.1,2020/5/31
0.09,2020/5/31
0.09,2020/5/31
0.11,2020/5/31
0.12,2020/5/31
0.11,2020/5/31
0.11,2020/6/1
0.11,2020/6/1
0.13,2020/6/1
0.14,2020/6/1
0.13,2020/6/1
0.12,2020/6/1
0.12,2020/6/1
0.13,2020/6/1
0.14,2020/6/1
0.15,2020/6/1
0.14,2020/6/1
0.14,2020/6/1
0.15,2020/6/1
0.15,2020/6/1
0.17,2020/6/1
0.16,2020/6/1
0.15,2020/6/1
0.15,2020/6/1
0.16,2020/6/1
0.17,2020/6/1
0.16,2020/6/1
0.17,2020/6/1
0.17,2020/6/1
0.17,2020/6/1
0.17,2020/6/2
0.17,2020/6/2
0.17,2020/6/2
0.17,2020/6/2
0.17,2020/6/2
0.16,2020/6/2
0.16,2020/6/2
0.16,2020/6/2
0.16,2020/6/2
0.16,2020/6/2
0.15,2020/6/2
0.15,2020/6/2
0.15,2020/6/2
0.15,2020/6/2
0.16,2020/6/2
0.16,2020/6/2
0.16,2020/6/2
0.17,2020/6/2
0.17,2020/6/2
0.17,2020/6/2
0.18,2020/6/2
0.18,2020/6/2
0.17,2020/6/2
0.18,2020/6/2
0.19,2020/6/3
0.19,2020/6/3
0.19,2020/6/3
0.18,2020/6/3
0.18,2020/6/3
0.2,2020/6/3
0.17,2020/6/3
0.17,2020/6/3
0.18,2020/6/3
0.19,2020/6/3
0.19,2020/6/3
0.26,2020/6/3
0.26,2020/6/3
0.28,2020/6/3
0.2,2020/6/3
0.27,2020/6/3
0.33,2020/6/3
0.3,2020/6/3
0.22,2020/6/3
0.19,2020/6/3
0.14,2020/6/3
0.15,2020/6/3
0.16,2020/6/3
0.16,2020/6/3
0.16,2020/6/4
0.14,2020/6/4
0.12,2020/6/4
0.11,2020/6/4
0.12,2020/6/4
0.12,2020/6/4
0.14,2020/6/4
0.15,2020/6/4
0.15,2020/6/4
0.18,2020/6/4
0.17,2020/6/4
0.16,2020/6/4
0.14,2020/6/4
0.13,2020/6/4
0.14,2020/6/4
0.16,2020/6/4
0.21,2020/6/4
0.38,2020/6/4
0.21,2020/6/4
0.16,2020/6/4
0.18,2020/6/4
0.19,2020/6/4
0.18,2020/6/4
0.19,2020/6/5
0.19,2020/6/5
0.19,2020/6/5
0.19,2020/6/5
0.21,2020/6/5
0.21,2020/6/5
0.21,2020/6/5
0.19,2020/6/5
0.2,2020/6/5
0.25,2020/6/5
0.28,2020/6/5
0.24,2020/6/5
0.21,2020/6/5
0.21,2020/6/5
0.22,2020/6/5
0.2,2020/6/5
0.21,2020/6/5
0.22,2020/6/5
0.24,2020/6/5
0.22,2020/6/5
0.24,2020/6/5
0.29,2020/6/5
0.29,2020/6/5
0.29,2020/6/5
0.31,2020/6/6
0.3,2020/6/6
0.3,2020/6/6
0.3,2020/6/6
0.28,2020/6/6
0.25,2020/6/6
0.21,2020/6/6
0.22,2020/6/6
0.21,2020/6/6
0.22,2020/6/6
0.24,2020/6/6
0.29,2020/6/6
0.28,2020/6/6
0.32,2020/6/6
0.32,2020/6/6
0.35,2020/6/6
0.37,2020/6/6
0.36,2020/6/6
0.36,2020/6/6
0.34,2020/6/6
0.38,2020/6/6
0.42,2020/6/6
0.45,2020/6/6
0.49,2020/6/6
0.55,2020/6/7
0.61,2020/6/7
0.58,2020/6/7
0.57,2020/6/7
0.51,2020/6/7
0.45,2020/6/7
0.39,2020/6/7
0.36,2020/6/7
0.34,2020/6/7
0.31,2020/6/7
0.28,2020/6/7
0.3,2020/6/7
0.3,2020/6/7
0.33,2020/6/7
0.34,2020/6/7
0.35,2020/6/7
0.37,2020/6/7
0.4,2020/6/7
0.45,2020/6/7
0.45,2020/6/7
0.45,2020/6/7
0.48,2020/6/7
0.48,2020/6/7
0.46,2020/6/7
0.44,2020/6/8
0.42,2020/6/8
0.42,2020/6/8
0.43,2020/6/8
0.44,2020/6/8
0.46,2020/6/8
0.44,2020/6/8
0.48,2020/6/8
0.52,2020/6/8
0.52,2020/6/8
0.54,2020/6/8
0.53,2020/6/8
0.5,2020/6/8
0.46,2020/6/8
0.49,2020/6/8
0.54,2020/6/8
0.56,2020/6/8
0.6,2020/6/8
0.61,2020/6/8
0.6,2020/6/8
0.62,2020/6/8
0.66,2020/6/8
0.62,2020/6/8
0.59,2020/6/8
0.56,2020/6/9
0.51,2020/6/9
0.5,2020/6/9
0.51,2020/6/9
0.51,2020/6/9
0.47,2020/6/9
0.51,2020/6/9
0.48,2020/6/9
0.48,2020/6/9
0.47,2020/6/9
0.52,2020/6/9
0.49,2020/6/9
0.51,2020/6/9
0.54,2020/6/9
0.55,2020/6/9
0.52,2020/6/9
0.47,2020/6/9
0.48,2020/6/9
0.45,2020/6/9
0.43,2020/6/9
0.44,2020/6/9
0.41,2020/6/9
0.39,2020/6/9
0.43,2020/6/9
0.49,2020/6/10
0.46,2020/6/10
0.44,2020/6/10
0.44,2020/6/10
0.45,2020/6/10
0.46,2020/6/10
0.42,2020/6/10
0.42,2020/6/10
0.43,2020/6/10
0.37,2020/6/10
0.37,2020/6/10
0.36,2020/6/10
0.27,2020/6/10
0.31,2020/6/10
0.32,2020/6/10
0.32,2020/6/10
0.32,2020/6/10
0.32,2020/6/10
0.32,2020/6/10
0.32,2020/6/10
0.34,2020/6/10
0.33,2020/6/10
0.33,2020/6/10
0.32,2020/6/11
0.3,2020/6/11
0.3,2020/6/11
0.29,2020/6/11
0.29,2020/6/11
0.26,2020/6/11
0.24,2020/6/11
0.23,2020/6/11
0.23,2020/6/11
0.21,2020/6/11
0.2,2020/6/11
0.2,2020/6/11
0.22,2020/6/11
0.23,2020/6/11
0.23,2020/6/11
0.25,2020/6/11
0.25,2020/6/11
0.28,2020/6/11
0.28,2020/6/11
0.27,2020/6/11
0.27,2020/6/11
0.32,2020/6/11
0.35,2020/6/11
0.34,2020/6/11
0.33,2020/6/12
0.31,2020/6/12
0.29,2020/6/12
0.28,2020/6/12
0.27,2020/6/12
0.29,2020/6/12
0.22,2020/6/12
0.2,2020/6/12
0.17,2020/6/12
0.15,2020/6/12
0.15,2020/6/12
0.13,2020/6/12
0.12,2020/6/12
0.12,2020/6/12
0.13,2020/6/12
0.16,2020/6/12
0.19,2020/6/12
0.22,2020/6/12
0.23,2020/6/12
0.21,2020/6/12
0.21,2020/6/12
0.23,2020/6/12
0.22,2020/6/12
0.21,2020/6/12
0.2,2020/6/13
0.2,2020/6/13
0.19,2020/6/13
0.19,2020/6/13
0.18,2020/6/13
0.17,2020/6/13
0.15,2020/6/13
0.15,2020/6/13
0.15,2020/6/13
0.14,2020/6/13
0.14,2020/6/13
0.13,2020/6/13
0.13,2020/6/13
0.13,2020/6/13
0.13,2020/6/13
0.14,2020/6/13
0.15,2020/6/13
0.17,2020/6/13
0.17,2020/6/13
0.16,2020/6/13
0.16,2020/6/13
0.18,2020/6/13
0.18,2020/6/13
0.17,2020/6/13
0.18,2020/6/14
0.18,2020/6/14
0.19,2020/6/14
0.18,2020/6/14
0.17,2020/6/14
0.16,2020/6/14
0.14,2020/6/14
0.14,2020/6/14
0.13,2020/6/14
0.12,2020/6/14
0.12,2020/6/14
0.11,2020/6/14
0.11,2020/6/14
0.12,2020/6/14
0.13,2020/6/14
0.14,2020/6/14
0.16,2020/6/14
0.18,2020/6/14
0.18,2020/6/14
0.16,2020/6/14
0.18,2020/6/14
0.22,2020/6/14
0.2,2020/6/14
0.2,2020/6/14
0.19,2020/6/15
0.2,2020/6/15
0.19,2020/6/15
0.2,2020/6/15
0.19,2020/6/15
0.16,2020/6/15
0.15,2020/6/15
0.15,2020/6/15
0.14,2020/6/15
0.13,2020/6/15
0.13,2020/6/15
0.12,2020/6/15
0.11,2020/6/15
0.12,2020/6/15
0.14,2020/6/15
0.15,2020/6/15
0.15,2020/6/15
0.18,2020/6/15
0.18,2020/6/15
0.16,2020/6/15
0.17,2020/6/15
0.2,2020/6/15
0.19,2020/6/15
0.21,2020/6/15
0.21,2020/6/16
0.21,2020/6/16
0.22,2020/6/16
0.22,2020/6/16
0.2,2020/6/16
0.19,2020/6/16
0.18,2020/6/16
0.18,2020/6/16
0.16,2020/6/16
0.16,2020/6/16
0.15,2020/6/16
0.14,2020/6/16
0.13,2020/6/16
0.11,2020/6/16
0.13,2020/6/16
0.13,2020/6/16
0.13,2020/6/16
0.15,2020/6/16
0.16,2020/6/16
0.14,2020/6/16
0.16,2020/6/16
0.2,2020/6/16
0.18,2020/6/16
0.19,2020/6/16
0.19,2020/6/17
0.2,2020/6/17
0.2,2020/6/17
0.22,2020/6/17
0.21,2020/6/17
0.14,2020/6/17
0.12,2020/6/17
0.13,2020/6/17
0.13,2020/6/17
0.13,2020/6/17
0.12,2020/6/17
0.13,2020/6/17
0.14,2020/6/17
0.13,2020/6/17
0.11,2020/6/17
0.13,2020/6/17
0.15,2020/6/17
0.15,2020/6/17
0.17,2020/6/17
0.22,2020/6/17
0.25,2020/6/17
0.27,2020/6/17
0.2,2020/6/17
0.22,2020/6/17
0.21,2020/6/18
0.2,2020/6/18
0.2,2020/6/18
0.26,2020/6/18
0.3,2020/6/18
0.28,2020/6/18
0.31,2020/6/18
0.28,2020/6/18
0.26,2020/6/18
0.28,2020/6/18
0.3,2020/6/18
0.22,2020/6/18
0.22,2020/6/18
0.25,2020/6/18
0.23,2020/6/18
0.23,2020/6/18
0.28,2020/6/18
0.37,2020/6/18
0.38,2020/6/18
0.39,2020/6/18
0.46,2020/6/18
0.48,2020/6/18
0.48,2020/6/18
0.24,2020/6/19
0.28,2020/6/19
0.31,2020/6/19
0.31,2020/6/19
0.36,2020/6/19
0.45,2020/6/19
0.39,2020/6/19
0.38,2020/6/19
0.36,2020/6/19
0.31,2020/6/19
0.28,2020/6/19
0.22,2020/6/19
0.2,2020/6/19
0.22,2020/6/19
0.32,2020/6/19
0.32,2020/6/19
0.3,2020/6/19
0.25,2020/6/19
0.24,2020/6/19
0.24,2020/6/19
0.28,2020/6/19
0.33,2020/6/19
0.36,2020/6/19
0.38,2020/6/19
0.39,2020/6/20
0.38,2020/6/20
0.43,2020/6/20
0.41,2020/6/20
0.41,2020/6/20
0.54,2020/6/20
0.36,2020/6/20
0.3,2020/6/20
0.29,2020/6/20
0.31,2020/6/20
0.29,2020/6/20
0.29,2020/6/20
0.29,2020/6/20
0.27,2020/6/20
0.28,2020/6/20
0.27,2020/6/20
0.22,2020/6/20
0.22,2020/6/20
0.23,2020/6/20
0.23,2020/6/20
0.24,2020/6/20
0.27,2020/6/20
0.3,2020/6/20
0.31,2020/6/20
0.29,2020/6/21
0.28,2020/6/21
0.26,2020/6/21
0.25,2020/6/21
0.26,2020/6/21
0.25,2020/6/21
0.25,2020/6/21
0.24,2020/6/21
0.22,2020/6/21
0.2,2020/6/21
0.21,2020/6/21
0.19,2020/6/21
0.2,2020/6/21
0.2,2020/6/21
0.22,2020/6/21
0.24,2020/6/21
0.27,2020/6/21
0.34,2020/6/21
0.35,2020/6/21
0.32,2020/6/21
0.31,2020/6/21
0.35,2020/6/21
0.41,2020/6/21
0.37,2020/6/21
0.35,2020/6/22
0.31,2020/6/22
0.29,2020/6/22
0.31,2020/6/22
0.31,2020/6/22
0.29,2020/6/22
0.28,2020/6/22
0.3,2020/6/22
0.29,2020/6/22
0.3,2020/6/22
0.28,2020/6/22
0.29,2020/6/22
0.27,2020/6/22
0.23,2020/6/22
0.29,2020/6/22
0.34,2020/6/22
0.36,2020/6/22
0.37,2020/6/22
0.33,2020/6/22
0.34,2020/6/22
0.35,2020/6/22
0.31,2020/6/22
0.3,2020/6/22
0.3,2020/6/22
0.3,2020/6/23
0.29,2020/6/23
0.29,2020/6/23
0.28,2020/6/23
0.28,2020/6/23
0.27,2020/6/23
0.23,2020/6/23
0.22,2020/6/23
0.22,2020/6/23
0.23,2020/6/23
0.22,2020/6/23
0.22,2020/6/23
0.21,2020/6/23
0.21,2020/6/23
0.21,2020/6/23
0.23,2020/6/23
0.23,2020/6/23
0.22,2020/6/23
0.24,2020/6/23
0.24,2020/6/23
0.24,2020/6/23
0.26,2020/6/23
0.24,2020/6/23
0.25,2020/6/23
0.25,2020/6/24
0.26,2020/6/24
0.27,2020/6/24
0.26,2020/6/24
0.25,2020/6/24
0.25,2020/6/24
0.24,2020/6/24
0.23,2020/6/24
0.22,2020/6/24
0.21,2020/6/24
0.21,2020/6/24
0.25,2020/6/24
0.22,2020/6/24
0.22,2020/6/24
0.21,2020/6/24
0.21,2020/6/24
0.18,2020/6/24
0.22,2020/6/24
0.21,2020/6/24
0.23,2020/6/24
0.22,2020/6/24
0.25,2020/6/24
0.25,2020/6/24
0.24,2020/6/24
0.26,2020/6/25
0.24,2020/6/25
0.24,2020/6/25
0.23,2020/6/25
0.23,2020/6/25
0.21,2020/6/25
0.2,2020/6/25
0.19,2020/6/25
0.17,2020/6/25
0.16,2020/6/25
0.15,2020/6/25
0.17,2020/6/25
0.17,2020/6/25
0.18,2020/6/25
0.18,2020/6/25
0.19,2020/6/25
0.2,2020/6/25
0.2,2020/6/25
0.21,2020/6/25
0.21,2020/6/25
0.22,2020/6/25
0.21,2020/6/25
0.2,2020/6/25
0.2,2020/6/26
0.2,2020/6/26
0.21,2020/6/26
0.22,2020/6/26
0.24,2020/6/26
0.22,2020/6/26
0.22,2020/6/26
0.2,2020/6/26
0.2,2020/6/26
0.21,2020/6/26
0.22,2020/6/26
0.22,2020/6/26
0.2,2020/6/26
0.21,2020/6/26
0.21,2020/6/26
0.26,2020/6/26
0.28,2020/6/26
0.22,2020/6/26
0.22,2020/6/26
0.22,2020/6/26
0.22,2020/6/26
0.24,2020/6/26
0.28,2020/6/26
0.25,2020/6/26
0.22,2020/6/27
0.21,2020/6/27
0.21,2020/6/27
0.21,2020/6/27
0.23,2020/6/27
0.22,2020/6/27
0.22,2020/6/27
0.23,2020/6/27
0.24,2020/6/27
0.24,2020/6/27
0.22,2020/6/27
0.25,2020/6/27
0.23,2020/6/27
0.21,2020/6/27
0.21,2020/6/27
0.23,2020/6/27
0.22,2020/6/27
0.21,2020/6/27
0.22,2020/6/27
0.22,2020/6/27
0.26,2020/6/27
0.29,2020/6/27
0.26,2020/6/27
0.26,2020/6/27
0.25,2020/6/28
0.25,2020/6/28
0.24,2020/6/28
0.24,2020/6/28
0.23,2020/6/28
0.24,2020/6/28
0.28,2020/6/28
0.36,2020/6/28
0.34,2020/6/28
0.3,2020/6/28
0.26,2020/6/28
0.26,2020/6/28
0.27,2020/6/28
0.25,2020/6/28
0.23,2020/6/28
0.23,2020/6/28
0.23,2020/6/28
0.26,2020/6/28
0.28,2020/6/28
0.28,2020/6/28
0.28,2020/6/28
0.25,2020/6/28
0.24,2020/6/28
0.24,2020/6/28
0.26,2020/6/29
0.27,2020/6/29
0.25,2020/6/29
0.24,2020/6/29
0.24,2020/6/29
0.23,2020/6/29
0.26,2020/6/29
0.33,2020/6/29
0.32,2020/6/29
0.31,2020/6/29
0.31,2020/6/29
0.3,2020/6/29
0.27,2020/6/29
0.37,2020/6/29
0.33,2020/6/29
0.45,2020/6/29
0.47,2020/6/29
0.47,2020/6/29
0.44,2020/6/29
0.43,2020/6/29
0.42,2020/6/29
0.42,2020/6/29
0.4,2020/6/29
0.41,2020/6/29
0.4,2020/6/30
0.36,2020/6/30
0.3,2020/6/30
0.29,2020/6/30
0.3,2020/6/30
0.32,2020/6/30
0.3,2020/6/30
0.33,2020/6/30
0.3,2020/6/30
0.26,2020/6/30
0.22,2020/6/30
0.28,2020/6/30
0.29,2020/6/30
0.3,2020/6/30
0.3,2020/6/30
0.28,2020/6/30
0.29,2020/6/30
0.3,2020/6/30
0.35,2020/6/30
0.38,2020/6/30
0.38,2020/6/30
0.4,2020/6/30
0.41,2020/6/30
0.41,2020/6/30
0.39,2020/7/1
0.38,2020/7/1
0.37,2020/7/1
0.38,2020/7/1
0.39,2020/7/1
0.87,2020/7/1
0.44,2020/7/1
0.5,2020/7/1
0.43,2020/7/1
0.37,2020/7/1
0.34,2020/7/1
0.44,2020/7/1
0.52,2020/7/1
0.57,2020/7/1
0.56,2020/7/1
0.6,2020/7/1
0.75,2020/7/1
0.88,2020/7/1
1.01,2020/7/1
1.16,2020/7/1
1.1,2020/7/1
1.11,2020/7/1
1.1,2020/7/1
1.16,2020/7/1
1.17,2020/7/2
1.42,2020/7/2
1.69,2020/7/2
1.67,2020/7/2
1.73,2020/7/2
1.72,2020/7/2
1.57,2020/7/2
1.07,2020/7/2
0.86,2020/7/2
1.01,2020/7/2
0.65,2020/7/2
0.94,2020/7/2
1.97,2020/7/2
1.94,2020/7/2
2.2,2020/7/2
2.66,2020/7/2
2.74,2020/7/2
2.18,2020/7/2
1.94,2020/7/2
1.9,2020/7/2
1.84,2020/7/2
2.06,2020/7/3
2.46,2020/7/3
2.18,2020/7/3
2.17,2020/7/3
2.12,2020/7/3
2.18,2020/7/3
1.77,2020/7/3
1.52,2020/7/3
1.06,2020/7/3
0.81,2020/7/3
0.84,2020/7/3
0.8,2020/7/3
0.88,2020/7/3
0.84,2020/7/3
1.05,2020/7/3
0.99,2020/7/3
1.15,2020/7/3
1.01,2020/7/3
0.98,2020/7/3
1.12,2020/7/3
1.61,2020/7/3
2.27,2020/7/3
2.6,2020/7/3
2.46,2020/7/3
2.42,2020/7/4
2.36,2020/7/4
2.28,2020/7/4
2.22,2020/7/4
2.12,2020/7/4
2.01,2020/7/4
1.63,2020/7/4
1.6,2020/7/4
1.33,2020/7/4
0.92,2020/7/4
0.89,2020/7/4
0.76,2020/7/4
0.83,2020/7/4
0.84,2020/7/4
0.79,2020/7/4
0.93,2020/7/4
0.95,2020/7/4
1.07,2020/7/4
1.1,2020/7/4
1.11,2020/7/4
1.29,2020/7/4
1.5,2020/7/4
1.6,2020/7/4
1.6,2020/7/4
1.59,2020/7/5
1.62,2020/7/5
1.62,2020/7/5
1.7,2020/7/5
1.64,2020/7/5
1.59,2020/7/5
1.29,2020/7/5
1.14,2020/7/5
1.02,2020/7/5
0.8,2020/7/5
0.61,2020/7/5
0.66,2020/7/5
0.69,2020/7/5
0.74,2020/7/5
0.83,2020/7/5
0.83,2020/7/5
0.92,2020/7/5
1.05,2020/7/5
1.28,2020/7/5
1.42,2020/7/5
1.55,2020/7/5
1.82,2020/7/5
1.74,2020/7/5
1.73,2020/7/5
1.71,2020/7/6
1.7,2020/7/6
1.68,2020/7/6
1.65,2020/7/6
1.64,2020/7/6
1.62,2020/7/6
1.31,2020/7/6
1.18,2020/7/6
1.13,2020/7/6
1,2020/7/6
0.9,2020/7/6
0.94,2020/7/6
0.96,2020/7/6
0.91,2020/7/6
0.95,2020/7/6
1.02,2020/7/6
1.16,2020/7/6
1.25,2020/7/6
1.37,2020/7/6
1.44,2020/7/6
1.58,2020/7/6
1.77,2020/7/6
1.75,2020/7/6
1.66,2020/7/6
1.63,2020/7/7
1.59,2020/7/7
1.53,2020/7/7
1.46,2020/7/7
1.42,2020/7/7
1.29,2020/7/7
1.08,2020/7/7
1.02,2020/7/7
0.99,2020/7/7
0.98,2020/7/7
0.94,2020/7/7
0.85,2020/7/7
0.83,2020/7/7
0.89,2020/7/7
1.01,2020/7/7
0.91,2020/7/7
1.06,2020/7/7
1.49,2020/7/7
1.54,2020/7/7
1.71,2020/7/7
1.5,2020/7/7
1.49,2020/7/7
1.42,2020/7/7
1.41,2020/7/7
1.33,2020/7/8
1.41,2020/7/8
1.51,2020/7/8
1.45,2020/7/8
1.43,2020/7/8
1.33,2020/7/8
1.07,2020/7/8
1.01,2020/7/8
0.99,2020/7/8
0.99,2020/7/8
1,2020/7/8
0.87,2020/7/8
0.79,2020/7/8
0.8,2020/7/8
0.81,2020/7/8
0.89,2020/7/8
0.97,2020/7/8
1.34,2020/7/8
1.47,2020/7/8
1.56,2020/7/8
1.57,2020/7/8
1.57,2020/7/8
1.54,2020/7/8
1.52,2020/7/8
1.53,2020/7/9
1.44,2020/7/9
1.38,2020/7/9
1.35,2020/7/9
1.35,2020/7/9
1.36,2020/7/9
1.23,2020/7/9
1.05,2020/7/9
1.02,2020/7/9
0.99,2020/7/9
0.89,2020/7/9
0.89,2020/7/9
0.91,2020/7/9
1.07,2020/7/9
1.27,2020/7/9
1.4,2020/7/9
1.42,2020/7/9
1.45,2020/7/9
1.46,2020/7/9
1.36,2020/7/9
1.44,2020/7/9
1.47,2020/7/9
1.63,2020/7/9
1.59,2020/7/9
1.57,2020/7/10
1.5,2020/7/10
1.41,2020/7/10
1.27,2020/7/10
1.29,2020/7/10
1.2,2020/7/10
1.02,2020/7/10
1.02,2020/7/10
1.06,2020/7/10
1.11,2020/7/10
1.1,2020/7/10
1.12,2020/7/10
1.14,2020/7/10
1.14,2020/7/10
1.11,2020/7/10
1.12,2020/7/10
1.13,2020/7/10
1.14,2020/7/10
1.12,2020/7/10
1.06,2020/7/10
1.1,2020/7/10
1.16,2020/7/10
1.18,2020/7/10
1.18,2020/7/10
1.17,2020/7/11
1.16,2020/7/11
1.12,2020/7/11
1.09,2020/7/11
1.13,2020/7/11
1.03,2020/7/11
0.9,2020/7/11
0.91,2020/7/11
0.91,2020/7/11
0.96,2020/7/11
0.97,2020/7/11
1.19,2020/7/11
1.38,2020/7/11
1.68,2020/7/11
1.84,2020/7/11
1.66,2020/7/11
1.5,2020/7/11
1.54,2020/7/11
1.48,2020/7/11
1.53,2020/7/11
1.44,2020/7/11
1.41,2020/7/12
1.4,2020/7/12
1.39,2020/7/12
1.38,2020/7/12
1.4,2020/7/12
1.33,2020/7/12
1.18,2020/7/12
1.2,2020/7/12
1.22,2020/7/12
1.2,2020/7/12
1.14,2020/7/12
1.25,2020/7/12
1.44,2020/7/12
1.4,2020/7/12
1.45,2020/7/12
1.44,2020/7/12
1.41,2020/7/12
1.38,2020/7/12
1.36,2020/7/12
1.44,2020/7/12
1.51,2020/7/12
1.75,2020/7/12
2.26,2020/7/12
2.06,2020/7/12
2.01,2020/7/13
1.88,2020/7/13
1.78,2020/7/13
1.65,2020/7/13
1.62,2020/7/13
1.46,2020/7/13
1.21,2020/7/13
1.08,2020/7/13
1.02,2020/7/13
1,2020/7/13
0.96,2020/7/13
0.9,2020/7/13
0.78,2020/7/13
0.65,2020/7/13
0.7,2020/7/13
0.72,2020/7/13
0.9,2020/7/13
1.17,2020/7/13
1.24,2020/7/13
1.23,2020/7/13
1.28,2020/7/13
1.32,2020/7/13
1.24,2020/7/13
1.22,2020/7/13
1.2,2020/7/14
1.16,2020/7/14
1.15,2020/7/14
1.16,2020/7/14
1.18,2020/7/14
1.18,2020/7/14
1.09,2020/7/14
1.05,2020/7/14
1.02,2020/7/14
1.02,2020/7/14
0.97,2020/7/14
0.94,2020/7/14
0.94,2020/7/14
1,2020/7/14
0.97,2020/7/14
1.03,2020/7/14
1.04,2020/7/14
1.04,2020/7/14
1.06,2020/7/14
1.02,2020/7/14
1.13,2020/7/14
1.22,2020/7/14
1.21,2020/7/14
1.23,2020/7/14
1.17,2020/7/15
1.16,2020/7/15
1.16,2020/7/15
1.25,2020/7/15
1.3,2020/7/15
1.31,2020/7/15
1.28,2020/7/15
1.24,2020/7/15
1.19,2020/7/15
1.15,2020/7/15
1.06,2020/7/15
1.07,2020/7/15
1.13,2020/7/15
1.19,2020/7/15
1.06,2020/7/15
1.02,2020/7/15
1.01,2020/7/15
1.02,2020/7/15
1.16,2020/7/15
1.14,2020/7/15
1.19,2020/7/15
1.17,2020/7/15
1.07,2020/7/15
1.23,2020/7/15
1.24,2020/7/16
1.26,2020/7/16
1.08,2020/7/16
0.97,2020/7/16
0.94,2020/7/16
0.87,2020/7/16
0.8,2020/7/16
0.75,2020/7/16
0.76,2020/7/16
0.76,2020/7/16
0.72,2020/7/16
0.84,2020/7/16
0.67,2020/7/16
0.68,2020/7/16
0.66,2020/7/16
0.79,2020/7/16
0.83,2020/7/16
0.79,2020/7/16
0.75,2020/7/16
0.9,2020/7/16
1.02,2020/7/16
1.05,2020/7/16
1.04,2020/7/16
0.96,2020/7/17
0.89,2020/7/17
0.88,2020/7/17
0.97,2020/7/17
1.3,2020/7/17
1.44,2020/7/17
1.18,2020/7/17
1.07,2020/7/17
0.97,2020/7/17
0.93,2020/7/17
0.87,2020/7/17
0.83,2020/7/17
0.81,2020/7/17
0.79,2020/7/17
0.77,2020/7/17
0.75,2020/7/17
0.84,2020/7/17
0.89,2020/7/17
0.91,2020/7/17
0.91,2020/7/17
0.94,2020/7/17
0.99,2020/7/17
0.99,2020/7/17
0.92,2020/7/17
0.9,2020/7/18
0.88,2020/7/18
0.87,2020/7/18
0.87,2020/7/18
0.92,2020/7/18
0.91,2020/7/18
0.74,2020/7/18
0.69,2020/7/18
0.72,2020/7/18
0.83,2020/7/18
0.84,2020/7/18
0.81,2020/7/18
0.85,2020/7/18
0.89,2020/7/18
0.85,2020/7/18
0.86,2020/7/18
0.85,2020/7/18
0.92,2020/7/18
0.99,2020/7/18
1,2020/7/18
0.85,2020/7/18
0.89,2020/7/18
0.88,2020/7/18
0.86,2020/7/18
0.86,2020/7/19
0.86,2020/7/19
0.88,2020/7/19
0.88,2020/7/19
0.85,2020/7/19
0.82,2020/7/19
0.75,2020/7/19
0.74,2020/7/19
0.77,2020/7/19
0.77,2020/7/19
0.78,2020/7/19
0.79,2020/7/19
0.8,2020/7/19
0.98,2020/7/19
0.96,2020/7/19
0.96,2020/7/19
1.03,2020/7/19
1.03,2020/7/19
1.03,2020/7/19
1,2020/7/19
1.06,2020/7/19
1.08,2020/7/19
1,2020/7/19
0.94,2020/7/19
0.92,2020/7/20
0.9,2020/7/20
0.86,2020/7/20
0.86,2020/7/20
0.84,2020/7/20
0.76,2020/7/20
0.67,2020/7/20
0.66,2020/7/20
0.69,2020/7/20
0.86,2020/7/20
1.01,2020/7/20
0.92,2020/7/20
0.85,2020/7/20
0.78,2020/7/20
0.77,2020/7/20
0.82,2020/7/20
0.86,2020/7/20
0.89,2020/7/20
0.9,2020/7/20
0.91,2020/7/20
0.87,2020/7/20
0.83,2020/7/20
0.74,2020/7/20
0.7,2020/7/20
0.69,2020/7/21
0.65,2020/7/21
0.66,2020/7/21
0.67,2020/7/21
0.7,2020/7/21
0.71,2020/7/21
0.64,2020/7/21
0.62,2020/7/21
0.59,2020/7/21
0.6,2020/7/21
0.55,2020/7/21
0.55,2020/7/21
0.54,2020/7/21
0.55,2020/7/21
0.56,2020/7/21
0.55,2020/7/21
0.55,2020/7/21
0.56,2020/7/21
0.56,2020/7/21
0.55,2020/7/21
0.57,2020/7/21
0.59,2020/7/21
0.59,2020/7/21
0.59,2020/7/21
0.6,2020/7/22
0.6,2020/7/22
0.59,2020/7/22
0.6,2020/7/22
0.6,2020/7/22
0.58,2020/7/22
0.52,2020/7/22
0.51,2020/7/22
0.52,2020/7/22
0.52,2020/7/22
0.54,2020/7/22
0.54,2020/7/22
0.54,2020/7/22
0.53,2020/7/22
0.54,2020/7/22
0.56,2020/7/22
0.59,2020/7/22
0.6,2020/7/22
0.62,2020/7/22
0.61,2020/7/22
0.63,2020/7/22
0.64,2020/7/22
0.64,2020/7/22
0.63,2020/7/22
0.62,2020/7/23
0.62,2020/7/23
0.62,2020/7/23
0.62,2020/7/23
0.62,2020/7/23
0.6,2020/7/23
0.58,2020/7/23
0.57,2020/7/23
0.56,2020/7/23
0.61,2020/7/23
0.62,2020/7/23
0.61,2020/7/23
0.61,2020/7/23
0.59,2020/7/23
0.54,2020/7/23
0.54,2020/7/23
0.54,2020/7/23
0.65,2020/7/23
0.69,2020/7/23
0.69,2020/7/23
0.72,2020/7/23
0.77,2020/7/23
0.7,2020/7/23
0.65,2020/7/23
0.64,2020/7/24
0.65,2020/7/24
0.66,2020/7/24
0.65,2020/7/24
0.69,2020/7/24
0.65,2020/7/24
0.56,2020/7/24
0.55,2020/7/24
0.61,2020/7/24
0.66,2020/7/24
0.39,2020/7/24
0.38,2020/7/24
0.4,2020/7/24
0.31,2020/7/24
0.3,2020/7/24
0.35,2020/7/24
0.41,2020/7/24
0.45,2020/7/24
0.51,2020/7/24
0.54,2020/7/24
0.56,2020/7/24
0.56,2020/7/24
0.54,2020/7/25
0.54,2020/7/25
0.53,2020/7/25
0.52,2020/7/25
0.53,2020/7/25
0.54,2020/7/25
0.49,2020/7/25
0.5,2020/7/25
0.63,2020/7/25
0.76,2020/7/25
0.66,2020/7/25
0.54,2020/7/25
0.47,2020/7/25
0.44,2020/7/25
0.48,2020/7/25
0.47,2020/7/25
0.48,2020/7/25
0.5,2020/7/25
0.49,2020/7/25
0.49,2020/7/25
0.53,2020/7/25
0.54,2020/7/25
0.54,2020/7/25
0.54,2020/7/25
0.53,2020/7/26
0.54,2020/7/26
0.52,2020/7/26
0.51,2020/7/26
0.53,2020/7/26
0.53,2020/7/26
0.48,2020/7/26
0.49,2020/7/26
0.54,2020/7/26
0.54,2020/7/26
0.53,2020/7/26
0.5,2020/7/26
0.51,2020/7/26
0.47,2020/7/26
0.48,2020/7/26
0.48,2020/7/26
0.48,2020/7/26
0.47,2020/7/26
0.5,2020/7/26
0.51,2020/7/26
0.48,2020/7/26
0.5,2020/7/26
0.51,2020/7/26
0.51,2020/7/26
0.5,2020/7/27
0.49,2020/7/27
0.48,2020/7/27
0.48,2020/7/27
0.47,2020/7/27
0.47,2020/7/27
0.44,2020/7/27
0.45,2020/7/27
0.43,2020/7/27
0.45,2020/7/27
0.46,2020/7/27
0.5,2020/7/27
0.52,2020/7/27
0.55,2020/7/27
0.53,2020/7/27
0.51,2020/7/27
0.52,2020/7/27
0.52,2020/7/27
0.5,2020/7/27
0.48,2020/7/27
0.51,2020/7/27
0.53,2020/7/27
0.52,2020/7/27
0.51,2020/7/27
0.5,2020/7/28
0.5,2020/7/28
0.5,2020/7/28
0.51,2020/7/28
0.5,2020/7/28
0.5,2020/7/28
0.47,2020/7/28
0.46,2020/7/28
0.46,2020/7/28
0.46,2020/7/28
0.51,2020/7/28
0.55,2020/7/28
0.56,2020/7/28
0.5,2020/7/28
0.49,2020/7/28
0.46,2020/7/28
0.45,2020/7/28
0.44,2020/7/28
0.44,2020/7/28
0.45,2020/7/28
0.48,2020/7/28
0.49,2020/7/28
0.49,2020/7/28
0.5,2020/7/28
0.51,2020/7/29
0.53,2020/7/29
0.52,2020/7/29
0.53,2020/7/29
0.54,2020/7/29
0.52,2020/7/29
0.47,2020/7/29
0.46,2020/7/29
0.48,2020/7/29
0.5,2020/7/29
0.42,2020/7/29
0.38,2020/7/29
0.39,2020/7/29
0.62,2020/7/29
0.39,2020/7/29
0.43,2020/7/29
0.49,2020/7/29
0.51,2020/7/29
0.55,2020/7/29
0.56,2020/7/29
0.58,2020/7/29
0.59,2020/7/29
0.61,2020/7/30
0.55,2020/7/30
0.56,2020/7/30
0.54,2020/7/30
0.54,2020/7/30
0.52,2020/7/30
0.51,2020/7/30
0.56,2020/7/30
0.56,2020/7/30
0.53,2020/7/30
0.49,2020/7/30
0.46,2020/7/30
0.45,2020/7/30
0.47,2020/7/30
0.48,2020/7/30
0.54,2020/7/30
0.55,2020/7/30
0.53,2020/7/30
0.51,2020/7/30
0.49,2020/7/30
0.5,2020/7/30
0.52,2020/7/30
0.52,2020/7/30
0.52,2020/7/30
0.51,2020/7/31
0.51,2020/7/31
0.51,2020/7/31
0.5,2020/7/31
0.5,2020/7/31
0.51,2020/7/31
0.46,2020/7/31
0.48,2020/7/31
0.48,2020/7/31
0.51,2020/7/31
0.52,2020/7/31
0.52,2020/7/31
0.53,2020/7/31
0.52,2020/7/31
0.47,2020/7/31
0.6,2020/7/31
0.6,2020/7/31
0.59,2020/7/31
0.59,2020/7/31
0.57,2020/7/31
0.59,2020/7/31
0.59,2020/7/31
0.57,2020/7/31
0.56,2020/7/31
